raw_index,raw_column_header,category,question_ref,parent_ref,response_type,scope,output_name,notes
0,Device Info,keep_metadata,,,,,device_info,
1,start,keep_metadata,,,,,interview_start,
2,end,keep_metadata,,,,,interview_end,
3,Username,keep_metadata,,,,,enumerator,
4,Region,keep_metadata,,,,,region,
5,Country,keep_metadata,,,,,country,
6,What is the client's ID number in our systems?,keep_metadata,,,,,client_id,
7,To which branch does the client belong?,keep_metadata,,,,,branch,
8,Insurance_Type,keep_metadata,,,insurance_type_routing,,insurance_type_raw,Key filter for type-specific section responses
9,"Before we start, I would like to explain this survey.

VisionFund is collecting this information to understand how our services affect our clients and to improve our products.

Your participation is voluntary. Your answers will not affect your loan, insurance, or any other VisionFund services in any way.

Your responses will be kept confidential and analyzed together with other clients’ answers. We will not share your name or personal details in reports.

We may share anonymized survey data with trusted research or analysis partners to help us understand client experiences and improve our services.

You may skip any question, stop the survey at any time, or ask for your data to be deleted later.

Do you agree to participate in this survey?",drop_scaffold,,,,,,Consent field; all respondents agreed — effectively constant
10,This section includes questions on the extent to which you understand the terms of insurance and claims.,drop_scaffold,,,,,,Section header for understanding module
11,How would you rate your understanding of what your insurance covers?,question_ref,q_coverage_understanding,,likert4,,,
12,How you would you rate your understanding of how to make a claim?,question_ref,q_claim_process_understanding,,likert4,,,
13,Which communication channel is the most effective in increasing your awareness and understanding of the claims process?,question_ref,q_comm_channel_effective,,multi_select_parent,,,Multi-select parent; binary children in cols 14–20
14,Which communication channel is the most effective in increasing your awareness and understanding of the claims process?/a. In-person explanation from MFI staff/loan officer,multi_select_child,,q_comm_channel_effective,,,,Binary (0/1) child
15,Which communication channel is the most effective in increasing your awareness and understanding of the claims process?/b. Group meeting,multi_select_child,,q_comm_channel_effective,,,,Binary (0/1) child
16,Which communication channel is the most effective in increasing your awareness and understanding of the claims process?/c. SMS/WhatsApp messages from the MFI,multi_select_child,,q_comm_channel_effective,,,,Binary (0/1) child
17,"Which communication channel is the most effective in increasing your awareness and understanding of the claims process?/d. Printed materials (leaflets, posters, brochures)",multi_select_child,,q_comm_channel_effective,,,,Binary (0/1) child
18,Which communication channel is the most effective in increasing your awareness and understanding of the claims process?/e. Phone call from the MFI,multi_select_child,,q_comm_channel_effective,,,,Binary (0/1) child
19,Which communication channel is the most effective in increasing your awareness and understanding of the claims process?/f. Email from the MFI,multi_select_child,,q_comm_channel_effective,,,,Binary (0/1) child
20,Which communication channel is the most effective in increasing your awareness and understanding of the claims process?/g. Other (please specify),multi_select_child,,q_comm_channel_effective,,,,Binary (0/1) child
21,"If other, please specify:",free_text_child,,q_comm_channel_effective,,,,Other-specify follow-up to /g option (col 20)
22,Which channel do you prefer most for submitting insurance claims?,question_ref,q_claim_channel_preferred,,single_select,,,Single-select
23,"If other, please specify:",free_text_child,,q_claim_channel_preferred,,,,Other-specify follow-up to col 22
24,I will now ask you questions regarding your experience when making an insurance claim.,drop_scaffold,,,,,,Transition sentence
25,"In the last 12 months, did you experience an event that might be covered by your insurance?",question_ref,q_insured_event_12m,,binary,,,
26,[If Yes] Did you submit an insurance claim for that event?,question_ref,q_claim_submitted,,binary,,,Conditional on col 25 = Yes
27,"[If No, did not submit an insurance claim] What was the main reason you did not submit an insurance claim for this event?",question_ref,q_no_claim_reason,,single_select,,,Conditional on col 26 = No; single-select
28,"If other, please specify:",free_text_child,,q_no_claim_reason,,,,Other-specify follow-up to col 27
29,"[If Yes, submitted a claim] What was the result of the claim?",question_ref,q_claim_result,,single_select,,,Conditional on col 26 = Yes
30,"If [Claim was approved and paid] Considering all costs related to the event, how much of the cost did the insurance payout cover?",question_ref,q_payout_cost_coverage,,single_select,,,Conditional on col 29 = approved/paid
31,[If filed a claim] Have you experienced any challenges with the claim process?,question_ref,q_claim_challenges_experienced,,binary,,,Conditional on col 26 = Yes
32,[If yes] What challenges did you experience with the claim process?,question_ref,q_claim_challenges,,multi_select_parent,,,Multi-select parent; binary children in cols 33–38
33,[If yes] What challenges did you experience with the claim process?/a. Claim documents were difficult to collect from hospitals or authorities,multi_select_child,,q_claim_challenges,,,,Binary (0/1) child
34,[If yes] What challenges did you experience with the claim process?/b. Claim documents were difficult to submit,multi_select_child,,q_claim_challenges,,,,Binary (0/1) child
35,[If yes] What challenges did you experience with the claim process?/c. It was difficult to know the status of the claim once documents were submitted,multi_select_child,,q_claim_challenges,,,,Binary (0/1) child
36,[If yes] What challenges did you experience with the claim process?/d. It took a long time to receive the claim amount,multi_select_child,,q_claim_challenges,,,,Binary (0/1) child
37,[If yes] What challenges did you experience with the claim process?/e. I did not receive enough support or guidance on the claim process,multi_select_child,,q_claim_challenges,,,,Binary (0/1) child
38,[If yes] What challenges did you experience with the claim process?/f. Other (specify),multi_select_child,,q_claim_challenges,,,,Binary (0/1) child
39,"If other, please specify:",free_text_child,,q_claim_challenges,,,,Other-specify follow-up to /f option (col 38)
40,[If e] What specific support would you need to make the claims process easier?,free_text_child,,q_claim_challenges,,,q_claim_challenges__support_text,Follow-up specific to /e option of col 32; open-text
41,"[If yes to experiencing an insured event] Because of the event, did you have to do any of the following?",question_ref,q_coping_mechanisms,,multi_select_parent,,,Multi-select parent; binary children in cols 42–49
42,"[If yes to experiencing an insured event] Because of the event, did you have to do any of the following?/a. Use savings",multi_select_child,,q_coping_mechanisms,,,,Binary (0/1) child
43,"[If yes to experiencing an insured event] Because of the event, did you have to do any of the following?/b. Borrow money",multi_select_child,,q_coping_mechanisms,,,,Binary (0/1) child
44,"[If yes to experiencing an insured event] Because of the event, did you have to do any of the following?/c. Sell assests or livestock",multi_select_child,,q_coping_mechanisms,,,,Binary (0/1) child; raw CSV has typo 'assests'
45,"[If yes to experiencing an insured event] Because of the event, did you have to do any of the following?/d. Reduce food consumption or essential spending",multi_select_child,,q_coping_mechanisms,,,,Binary (0/1) child
46,"[If yes to experiencing an insured event] Because of the event, did you have to do any of the following?/e. Take your children out of school",multi_select_child,,q_coping_mechanisms,,,,Binary (0/1) child
47,"[If yes to experiencing an insured event] Because of the event, did you have to do any of the following?/f. Closed business temporarily",multi_select_child,,q_coping_mechanisms,,,,Binary (0/1) child
48,"[If yes to experiencing an insured event] Because of the event, did you have to do any of the following?/g. None of the above",multi_select_child,,q_coping_mechanisms,,,,Binary (0/1) child
49,"[If yes to experiencing an insured event] Because of the event, did you have to do any of the following?/h. Other (specify)",multi_select_child,,q_coping_mechanisms,,,,Binary (0/1) child
50,"If other, please specify:",free_text_child,,q_coping_mechanisms,,,,Other-specify follow-up to /h option (col 49)
51,This section includes questions related to additional services offered in the insurance.,drop_scaffold,,,,,,Section header for additional services module
52,"In the past 12 months, which of the following services did you use?",question_ref,q_bundled_services_used,,multi_select_parent,,,Multi-select parent; binary children in cols 53–59
53,"In the past 12 months, which of the following services did you use?/a. Teleconsultation - doctor by phone (general or specialized such as psychologist, nutritionist)",multi_select_child,,q_bundled_services_used,,,,Binary (0/1) child
54,"In the past 12 months, which of the following services did you use?/b. Face to face consultations (general or specialized such as dental, opthalmology)",multi_select_child,,q_bundled_services_used,,,,Binary (0/1) child
55,"In the past 12 months, which of the following services did you use?/c. Access to medicines (discounts or free)",multi_select_child,,q_bundled_services_used,,,,Binary (0/1) child
56,"In the past 12 months, which of the following services did you use?/d. Lab examination/lab test",multi_select_child,,q_bundled_services_used,,,,Binary (0/1) child
57,"In the past 12 months, which of the following services did you use?/e. Health events (mobile clinic, orange ambulance, medical brigades, etc.)",multi_select_child,,q_bundled_services_used,,,,Binary (0/1) child
58,"In the past 12 months, which of the following services did you use?/f. None",multi_select_child,,q_bundled_services_used,,,,Binary (0/1) child
59,"In the past 12 months, which of the following services did you use?/g. Other: please specify",multi_select_child,,q_bundled_services_used,,,,Binary (0/1) child
60,"If other, please specify:",free_text_child,,q_bundled_services_used,,,,Other-specify follow-up to /g option (col 59)
61,If [did access the services] did the services help you as you wanted?,question_ref,q_services_helped,,single_select,,,Conditional on use of at least one non-None service
62,I will now ask you questions on how the insurance has impacted the wellbeing of your children and finances.,drop_scaffold,,,,,,Transition sentence
63,How much does the insurance help reduce your financial stress?,question_ref,q_financial_stress,,likert5,,,
64,"Since taking the insurance product from VisionFund, has the wellbeing of the children you support improved?",question_ref,q_child_wellbeing,,single_select,,,
65,[If a] What improved for your children since having the insurance product?,question_ref,q_child_improvements,,multi_select_parent,,,Multi-select parent; children in cols 66–72; conditional on col 64 = improved
66,[If a] What improved for your children since having the insurance product?/a. Improved access to healthcare treatment and diagnosis,multi_select_child,,q_child_improvements,,,,Binary (0/1) child
67,[If a] What improved for your children since having the insurance product?/b. Reduced out-of-pocket expenses that helped us maintain nutritious and sufficient meals.,multi_select_child,,q_child_improvements,,,,Binary (0/1) child
68,[If a] What improved for your children since having the insurance product?/c. Fewer school days missed due to improved health,multi_select_child,,q_child_improvements,,,,Binary (0/1) child
69,"[If a] What improved for your children since having the insurance product?/d. Reduced need to work extra hours after a shock, allowing more time to spend with children",multi_select_child,,q_child_improvements,,,,Binary (0/1) child
70,"[If a] What improved for your children since having the insurance product?/e. Ability to continue normal daily activities (play, social life, learning)",multi_select_child,,q_child_improvements,,,,Binary (0/1) child
71,"[If a] What improved for your children since having the insurance product?/f. Increased savings after loss helped meet the children’s needs including clothing, shoes, and school supplies",multi_select_child,,q_child_improvements,,,,Binary (0/1) child
72,[If a] What improved for your children since having the insurance product?/g. Other (please specify),multi_select_child,,q_child_improvements,,,,Binary (0/1) child
73,"If other, please specify:",free_text_child,,q_child_improvements,,,,Other-specify follow-up to /g option (col 72)
74,"This section includes questions on your level of satisfaction with your interaction with VisionFund, their products or services.",drop_scaffold,,,,,,Section header for satisfaction/NPS module
75,"On a scale of 0-10, how likely are you to recommend the VisionFund Insurance to a friend or family member, where 0 is not at all likely and 10 is extremely likely?",question_ref,q_nps_score,,nps_score,,,Net Promoter Score; numeric 0–10
76,[If 0-6] What actions could VisionFund take to make you more likely to recommend the insurance product to a friend or family member?,question_ref,q_nps_detractor_followup,,open_text,,,Conditional follow-up for detractors; classified as question_ref per spec
77,[If 7-8] What specifically about the VisionFund  Insurance caused you to give it the score that you did?,question_ref,q_nps_passive_followup,,open_text,,,Conditional follow-up for passives; classified as question_ref per spec
78,[If 9-10] What specifically about the VisionFund Insurance would cause you to recommend it to a friend or family member?,question_ref,q_nps_promoter_followup,,open_text,,,Conditional follow-up for promoters; classified as question_ref per spec
79,"Considering the benefits and the cost of your insurance, do you feel the insurance is worth what you pay?",question_ref,q_worth_premium,,likert5,,,
80,"If you had to pay the full insurance premium yourself, in the amount of 700,000 VND/hectare per year, would you renew this policy after it expires?",question_ref,q_renewal_intent,,likert5,crop_only,,Vietnam/crop-specific premium amount; expect low fill for non-crop respondents
81,How confident are you that the insurance will pay when something serious happens?,question_ref,q_confidence_pay,,likert5,,,
82,I will now ask you questions about your levels of access to insurance services before and after VisionFund.,drop_scaffold,,,,,,Transition / section lead-in
83,"Before VisionFund, did you have access to an insurance like VisionFund provides?",question_ref,q_prior_access,,binary,,,
84,"If you could no longer access insurance from VisionFund, how easily could you get a comparable insurance product with another organization?",question_ref,q_alternative_access,,single_select,,,
85,This section includes specific questions related to your health insurance.,drop_scaffold,,,,,,Section header — health insurance respondents only
86,"Since having the insurance, were you or any member of your household able to seek medical care more easily?",question_ref,q_healthcare_access,,single_select,health_only,,Health insurance respondents only
87,"Compared to a similar illness before you had insurance, have your out-of-pocket medical costs changed because of the insurance? It has become…",question_ref,q_medical_cost_change,,single_select,health_only,,Health insurance respondents only
88,This section includes specific questions related to your Crop insurance.,drop_scaffold,,,,,,Section header — crop insurance respondents only
89,"After the weather shock, since having the insurance, how quickly were you able to recover and continue earning income?",question_ref,q_crop_recovery_speed,,single_select,crop_only,,Crop insurance respondents only
90,"Since having a crop insurance, has your approach to farming changed (e.g., choice of crops, input investment, or planting practices)?",question_ref,q_crop_farming_change,,single_select,crop_only,,Crop insurance respondents only
91,This section includes specific questions related to your Credit Life insurance.,drop_scaffold,,,,,,Section header — credit life respondents only
92,"Besides the protection in case of death or disability, which other insurance benefits are included with your Credit insurance?",question_ref,q_credit_other_benefits,,multi_select_parent,credit_life_only,,Multi-select parent; children in cols 93–97; credit life respondents only
93,"Besides the protection in case of death or disability, which other insurance benefits are included with your Credit insurance?/a. Help with medical or hospital costs",multi_select_child,,q_credit_other_benefits,,credit_life_only,,Binary (0/1) child
94,"Besides the protection in case of death or disability, which other insurance benefits are included with your Credit insurance?/b. Help when crops or income are affected by weather (drought, flood, etc.)",multi_select_child,,q_credit_other_benefits,,credit_life_only,,Binary (0/1) child
95,"Besides the protection in case of death or disability, which other insurance benefits are included with your Credit insurance?/c. Help when property or business assets are damaged",multi_select_child,,q_credit_other_benefits,,credit_life_only,,Binary (0/1) child
96,"Besides the protection in case of death or disability, which other insurance benefits are included with your Credit insurance?/d. No other benefits are included",multi_select_child,,q_credit_other_benefits,,credit_life_only,,Binary (0/1) child
97,"Besides the protection in case of death or disability, which other insurance benefits are included with your Credit insurance?/e. I am not sure",multi_select_child,,q_credit_other_benefits,,credit_life_only,,Binary (0/1) child
98,Most MFIs that provide a Credit Insurance only cover the outstanding loan amount in case of the death or disability of the borrower. How valuable are the additional benefits of this enhanced credit insurance to you?,question_ref,q_credit_additional_value,,single_select,credit_life_only,,Credit life respondents only
99,"Lastly, I will be asking questions about you and your household.",drop_scaffold,,,,,,Transition / section lead-in
100,What is the client's age?,question_ref,q_client_age,,age,,,Numeric
101,What is the client's education level?,question_ref,q_client_education,,single_select,,,Single-select
102,What is the client's household size?,question_ref,q_household_size,,single_select,,,Single-select
103,What is the client's sex?,question_ref,q_sex,,single_select,,,
104,"Does anyone in your household experience serious difficulty in any of the following areas: seeing, hearing, walking or climbing steps, remembering or concentrating, self-care, or communicating?",question_ref,q_disability,,single_select,,,Washington Group short-set disability screener
105,"In the last 6 months, which services have you received from VisionFund apart from your insurance policy?",question_ref,q_vf_services_received,,multi_select_parent,,,Multi-select parent; binary children in cols 106–111
106,"In the last 6 months, which services have you received from VisionFund apart from your insurance policy?/a. Loans",multi_select_child,,q_vf_services_received,,,,Binary (0/1) child
107,"In the last 6 months, which services have you received from VisionFund apart from your insurance policy?/b. Savings Accounts",multi_select_child,,q_vf_services_received,,,,Binary (0/1) child
108,"In the last 6 months, which services have you received from VisionFund apart from your insurance policy?/c. Financial Education",multi_select_child,,q_vf_services_received,,,,Binary (0/1) child
109,"In the last 6 months, which services have you received from VisionFund apart from your insurance policy?/d. Health Services (telemedicine, education etc.)",multi_select_child,,q_vf_services_received,,,,Binary (0/1) child
110,"In the last 6 months, which services have you received from VisionFund apart from your insurance policy?/e. None",multi_select_child,,q_vf_services_received,,,,Binary (0/1) child
111,"In the last 6 months, which services have you received from VisionFund apart from your insurance policy?/f. Other (please specify)",multi_select_child,,q_vf_services_received,,,,Binary (0/1) child
112,"If other, please specify:",free_text_child,,q_vf_services_received,,,,Other-specify follow-up to /f option (col 111)
113,What are your main sources of income?,question_ref,q_income_sources,,multi_select_parent,,,Multi-select parent; binary children in cols 114–121
114,What are your main sources of income?/a. Crop agriculture business,multi_select_child,,q_income_sources,,,,Binary (0/1) child
115,What are your main sources of income?/b. Livestock agriculture business,multi_select_child,,q_income_sources,,,,Binary (0/1) child
116,"What are your main sources of income?/c. Trading/Wholesale/Retail (e.g., retail shop)",multi_select_child,,q_income_sources,,,,Binary (0/1) child
117,"What are your main sources of income?/d. Manufacturing (e.g., maker of furniture)",multi_select_child,,q_income_sources,,,,Binary (0/1) child
118,"What are your main sources of income?/e. Service provision business (e.g., salon, skilled/casual laborer, or transport business)",multi_select_child,,q_income_sources,,,,Binary (0/1) child
119,What are your main sources of income?/f. Salaried wage-earner,multi_select_child,,q_income_sources,,,,Binary (0/1) child
120,"What are your main sources of income?/g. Remittances, donations, and government subsidy/assitance",multi_select_child,,q_income_sources,,,,Binary (0/1) child; raw CSV has typo 'assitance'
121,What are your main sources of income?/h. Other (please specify),multi_select_child,,q_income_sources,,,,Binary (0/1) child
122,"If other, please specify:",free_text_child,,q_income_sources,,,,Other-specify follow-up to /h option (col 121)
123,Thank you very much for your time. We will use this information to improve our services to you and future clients. Have a great day!,drop_scaffold,,,,,,Closing message — no respondent answer
124,_id,keep_identity,,,,,kobotoolbox_id,
125,_uuid,keep_identity,,,,,uuid,
126,_submission_time,keep_identity,,,,,submission_time,
127,_validation_status,drop_system,,,,,,
128,_notes,drop_system,,,,,,
129,_status,drop_system,,,,,,
130,_submitted_by,drop_system,,,,,,
131,_tags,drop_system,,,,,,
132,_index,keep_identity,,,,,kobotoolbox_index,
